score,KC_factor,projections,hash_dims,flattening
0.29592,1.0,18.0,80.0,log2
0.24433,1.0,14.0,240.0,log2
0.2069,1.0,16.0,80.0,log10
0.19371,2.0,8.0,320.0,log2
0.14249,2.0,10.0,160.0,log10
0.14199,6.0,12.0,960.0,log10
0.1366,2.0,18.0,640.0,log
0.13549,2.0,20.0,160.0,log10
0.12811,1.0,10.0,240.0,log
0.12792,2.0,8.0,160.0,log
0.12102,1.0,16.0,80.0,log2
0.11941,2.0,14.0,160.0,log10
0.11414,4.0,18.0,640.0,log
0.1127,1.0,20.0,160.0,log
0.11216,10.0,8.0,800.0,log2
0.11179,2.0,8.0,480.0,log
0.11036,1.0,6.0,240.0,log2
0.10038,6.0,10.0,480.0,log10
0.09132,4.0,18.0,1280.0,log10
0.08846,4.0,10.0,640.0,log
0.08725,4.0,14.0,960.0,log2
0.08347,6.0,14.0,480.0,log2
0.08234,4.0,8.0,320.0,log2
0.08031,2.0,14.0,480.0,log10
0.07985,1.0,14.0,320.0,log2
0.07494,1.0,12.0,240.0,log10
0.07487,6.0,14.0,480.0,log
0.07479,1.0,8.0,400.0,log10
0.07373,6.0,8.0,480.0,log10
0.07253,6.0,16.0,480.0,log
0.07177,2.0,16.0,800.0,log
0.07169,1.0,18.0,240.0,log10
0.07139,6.0,6.0,480.0,log
0.07109,10.0,16.0,800.0,log
0.07109,10.0,14.0,800.0,log10
0.068,2.0,6.0,160.0,log10
0.06429,2.0,16.0,160.0,log2
0.06398,1.0,10.0,80.0,log10
0.06354,2.0,12.0,640.0,log10
0.06264,6.0,20.0,1920.0,log10
0.06189,8.0,14.0,1280.0,log
0.06089,4.0,6.0,640.0,log10
0.06082,4.0,8.0,640.0,log10
0.05894,6.0,14.0,1440.0,log2
0.05856,2.0,6.0,800.0,log10
0.0566,4.0,20.0,1280.0,log10
0.05547,1.0,14.0,80.0,log10
0.05359,8.0,18.0,1280.0,log2
0.05341,1.0,10.0,240.0,log10
0.05132,2.0,8.0,640.0,log
0.05063,4.0,8.0,1280.0,log
0.04981,4.0,18.0,320.0,log10
0.0495,2.0,16.0,640.0,log10
0.04837,8.0,8.0,640.0,log2
0.04718,1.0,6.0,80.0,log2
0.04686,2.0,6.0,160.0,log
0.04648,2.0,10.0,800.0,log10
0.04604,2.0,10.0,640.0,log2
0.04604,1.0,12.0,160.0,log10
0.04283,2.0,18.0,320.0,log2
0.04163,2.0,18.0,800.0,log10
0.04076,6.0,14.0,1920.0,log
0.03974,1.0,10.0,400.0,log2
0.03867,2.0,18.0,160.0,log10
0.03849,4.0,10.0,1280.0,log10
0.03801,1.0,8.0,80.0,log
0.03696,4.0,10.0,320.0,log10
0.03547,8.0,20.0,640.0,log10
0.03478,6.0,8.0,1440.0,log
0.03402,1.0,14.0,320.0,log
0.03257,8.0,6.0,640.0,log10
0.03245,10.0,10.0,1600.0,log10
0.03219,8.0,8.0,1280.0,log
0.03074,1.0,10.0,320.0,log2
0.03068,1.0,6.0,400.0,log
0.03019,6.0,12.0,2400.0,log10
0.03019,8.0,14.0,3200.0,log10
0.02917,1.0,16.0,400.0,log
0.02847,4.0,20.0,320.0,log
0.02792,6.0,8.0,2400.0,log10
0.02756,1.0,14.0,160.0,log10
0.02647,4.0,20.0,960.0,log2
0.02595,1.0,14.0,80.0,log2
0.02566,8.0,10.0,1280.0,log2
0.02539,4.0,18.0,640.0,log10
0.02415,8.0,20.0,3200.0,log10
0.02345,6.0,16.0,480.0,log10
0.02264,10.0,6.0,800.0,log2
0.02254,2.0,12.0,320.0,log2
0.02237,4.0,14.0,960.0,log
0.02189,8.0,12.0,2560.0,log2
0.02167,1.0,6.0,160.0,log10
0.02119,2.0,10.0,640.0,log10
0.02113,8.0,16.0,1280.0,log10
0.0193,6.0,10.0,960.0,log10
0.0193,10.0,12.0,2400.0,log10
0.01887,10.0,18.0,1600.0,log
0.01779,2.0,18.0,480.0,log2
0.01746,2.0,20.0,800.0,log
0.01741,8.0,8.0,640.0,log
0.01741,1.0,6.0,320.0,log2
0.01676,1.0,6.0,240.0,log
0.0159,4.0,20.0,1280.0,log2
0.0159,8.0,14.0,640.0,log10
0.01563,1.0,12.0,320.0,log10
0.01498,8.0,6.0,640.0,log2
0.01482,2.0,16.0,320.0,log
0.01369,4.0,16.0,320.0,log
0.01364,10.0,20.0,1600.0,log
0.01359,8.0,12.0,1920.0,log2
0.01326,8.0,12.0,2560.0,log10
0.01223,2.0,18.0,800.0,log2
0.01218,4.0,16.0,640.0,log10
0.01175,8.0,6.0,1280.0,log
0.01087,1.0,10.0,320.0,log
0.01062,10.0,12.0,1600.0,log10
0.01057,10.0,6.0,800.0,log
0.00986,10.0,16.0,2400.0,log10
0.00981,8.0,16.0,1280.0,log
0.00911,6.0,18.0,1920.0,log2
0.00906,8.0,14.0,1920.0,log10
0.0083,6.0,6.0,1920.0,log10
0.0083,10.0,10.0,800.0,log10
0.00797,6.0,10.0,480.0,log
0.00679,6.0,20.0,1440.0,log2
0.00679,8.0,10.0,1920.0,log2
0.00651,2.0,18.0,480.0,log
0.00633,1.0,10.0,320.0,log10
0.00613,4.0,6.0,320.0,log10
0.00609,8.0,14.0,2560.0,log
0.00604,8.0,6.0,2560.0,log
0.00604,8.0,10.0,640.0,log
0.00604,2.0,16.0,800.0,log2
0.00453,8.0,6.0,640.0,log
0.00377,10.0,16.0,2400.0,log
0.00302,10.0,16.0,4000.0,log2
0.00217,1.0,6.0,320.0,log10
0.00198,2.0,6.0,480.0,log10
0.00122,8.0,14.0,2560.0,log10
0.00075,8.0,8.0,3200.0,log10
9e-05,10.0,8.0,800.0,log
5e-05,8.0,8.0,640.0,log10
0.0,10.0,10.0,3200.0,log10
-0.00033,4.0,20.0,960.0,log10
-0.00072,1.0,18.0,80.0,log
-0.00095,1.0,6.0,80.0,log10
-0.00104,2.0,20.0,320.0,log10
-0.00151,8.0,16.0,1280.0,log2
-0.00171,8.0,18.0,640.0,log2
-0.00184,8.0,6.0,1920.0,log
-0.00222,6.0,8.0,960.0,log2
-0.00226,4.0,18.0,1600.0,log2
-0.00302,2.0,8.0,800.0,log2
-0.00317,1.0,20.0,400.0,log2
-0.00326,1.0,16.0,320.0,log10
-0.00335,10.0,18.0,800.0,log2
-0.00373,8.0,16.0,2560.0,log
-0.00377,8.0,10.0,3200.0,log
-0.00402,2.0,16.0,160.0,log10
-0.00411,4.0,10.0,320.0,log
-0.00448,10.0,10.0,2400.0,log10
-0.00453,6.0,12.0,1440.0,log
-0.00515,1.0,18.0,240.0,log
-0.00528,4.0,6.0,1280.0,log
-0.00553,4.0,12.0,640.0,log
-0.00604,10.0,20.0,2400.0,log10
-0.00637,8.0,18.0,640.0,log10
-0.00755,6.0,14.0,2400.0,log
-0.00784,4.0,6.0,960.0,log
-0.00784,4.0,8.0,960.0,log2
-0.00826,4.0,10.0,960.0,log2
-0.00826,6.0,18.0,1440.0,log10
-0.0083,8.0,10.0,2560.0,log
-0.0083,10.0,10.0,3200.0,log
-0.0083,6.0,18.0,960.0,log10
-0.0083,8.0,6.0,1920.0,log10
-0.00906,10.0,20.0,4000.0,log
-0.00906,10.0,14.0,3200.0,log2
-0.00922,4.0,8.0,320.0,log10
-0.00981,10.0,6.0,800.0,log10
-0.01006,2.0,16.0,320.0,log10
-0.01057,10.0,10.0,800.0,log2
-0.01132,2.0,14.0,480.0,log
-0.01132,6.0,14.0,960.0,log2
-0.01166,10.0,12.0,800.0,log2
-0.01203,6.0,20.0,2400.0,log2
-0.01208,10.0,14.0,4000.0,log2
-0.01279,8.0,10.0,1280.0,log
-0.01283,8.0,14.0,3200.0,log
-0.01338,10.0,12.0,800.0,log
-0.01346,6.0,12.0,480.0,log10
-0.01354,2.0,8.0,640.0,log10
-0.01392,4.0,16.0,640.0,log2
-0.01392,6.0,6.0,2400.0,log10
-0.01418,1.0,18.0,320.0,log
-0.01464,2.0,12.0,480.0,log
-0.01489,1.0,12.0,400.0,log10
-0.01505,1.0,12.0,400.0,log
-0.01509,6.0,20.0,1920.0,log2
-0.01509,10.0,12.0,3200.0,log2
-0.01509,4.0,6.0,960.0,log10
-0.01543,4.0,6.0,1600.0,log2
-0.01569,1.0,6.0,240.0,log10
-0.01581,6.0,16.0,1920.0,log10
-0.01694,4.0,14.0,1600.0,log
-0.01736,2.0,14.0,800.0,log2
-0.01762,2.0,10.0,160.0,log
-0.01883,4.0,14.0,1280.0,log10
-0.01958,4.0,16.0,1600.0,log2
-0.01958,4.0,14.0,1600.0,log10
-0.01962,4.0,18.0,1280.0,log2
-0.02034,4.0,14.0,1280.0,log
-0.02038,6.0,20.0,2400.0,log
-0.02038,8.0,18.0,2560.0,log
-0.02068,10.0,10.0,1600.0,log2
-0.02185,6.0,20.0,960.0,log
-0.02219,2.0,12.0,800.0,log2
-0.02257,1.0,6.0,400.0,log2
-0.0226,10.0,8.0,3200.0,log2
-0.02332,2.0,14.0,640.0,log10
-0.02332,4.0,16.0,1600.0,log10
-0.0234,6.0,14.0,1920.0,log10
-0.0248,1.0,14.0,320.0,log10
-0.02487,6.0,10.0,480.0,log2
-0.02525,8.0,16.0,2560.0,log2
-0.02559,1.0,16.0,400.0,log10
-0.02566,4.0,12.0,1600.0,log10
-0.02566,10.0,8.0,3200.0,log10
-0.02642,8.0,20.0,1920.0,log2
-0.02706,1.0,14.0,240.0,log
-0.02713,6.0,6.0,1440.0,log
-0.02717,10.0,6.0,1600.0,log
-0.02717,10.0,20.0,2400.0,log2
-0.02789,6.0,6.0,1920.0,log
-0.02792,8.0,10.0,1280.0,log10
-0.02861,4.0,14.0,640.0,log10
-0.02864,10.0,18.0,3200.0,log
-0.02868,10.0,14.0,2400.0,log
-0.02922,1.0,12.0,80.0,log
-0.02943,8.0,12.0,3200.0,log
-0.02943,4.0,14.0,640.0,log2
-0.02943,6.0,14.0,2400.0,log2
-0.02943,10.0,12.0,4000.0,log2
-0.03015,2.0,16.0,480.0,log
-0.03019,10.0,16.0,4000.0,log10
-0.03053,8.0,18.0,1280.0,log
-0.03077,4.0,18.0,640.0,log2
-0.03091,8.0,10.0,1920.0,log10
-0.03094,8.0,8.0,1920.0,log
-0.03094,6.0,14.0,2400.0,log10
-0.03115,2.0,14.0,640.0,log
-0.03129,6.0,8.0,2400.0,log
-0.03166,2.0,6.0,800.0,log2
-0.0317,6.0,10.0,2400.0,log
-0.03204,10.0,8.0,2400.0,log10
-0.03242,6.0,16.0,480.0,log2
-0.03245,8.0,18.0,1920.0,log
-0.03256,1.0,10.0,160.0,log10
-0.03276,10.0,18.0,1600.0,log2
-0.03307,2.0,20.0,320.0,log
-0.03307,2.0,14.0,320.0,log10
-0.03317,10.0,20.0,2400.0,log
-0.03321,4.0,18.0,960.0,log
-0.03355,4.0,6.0,640.0,log
-0.03396,8.0,20.0,1280.0,log
-0.03396,8.0,18.0,3200.0,log2
-0.03427,10.0,14.0,1600.0,log
-0.03472,6.0,6.0,960.0,log
-0.03506,8.0,20.0,1280.0,log2
-0.03528,1.0,16.0,320.0,log
-0.03541,6.0,18.0,2400.0,log2
-0.03547,4.0,20.0,1600.0,log
-0.03547,10.0,6.0,3200.0,log
-0.03547,10.0,16.0,3200.0,log2
-0.03613,2.0,16.0,800.0,log10
-0.03616,1.0,14.0,400.0,log10
-0.03619,8.0,12.0,640.0,log
-0.03619,10.0,12.0,1600.0,log2
-0.03619,8.0,16.0,2560.0,log10
-0.03623,8.0,16.0,3200.0,log
-0.03623,8.0,8.0,2560.0,log10
-0.03651,2.0,18.0,480.0,log10
-0.03692,8.0,20.0,640.0,log2
-0.03695,6.0,16.0,1440.0,log2
-0.03767,6.0,6.0,960.0,log2
-0.03774,8.0,16.0,3200.0,log2
-0.03774,8.0,16.0,1920.0,log2
-0.03849,8.0,10.0,1920.0,log
-0.03849,4.0,16.0,1280.0,log10
-0.03849,8.0,18.0,2560.0,log10
-0.03921,2.0,20.0,640.0,log2
-0.03959,10.0,12.0,4000.0,log10
-0.03997,4.0,6.0,1280.0,log2
-0.03997,8.0,10.0,2560.0,log10
-0.04,6.0,8.0,1920.0,log
-0.04,6.0,20.0,1440.0,log
-0.04069,10.0,8.0,2400.0,log
-0.04076,4.0,10.0,960.0,log
-0.04076,8.0,16.0,1920.0,log
-0.04076,8.0,18.0,2560.0,log2
-0.04148,6.0,18.0,960.0,log
-0.04151,8.0,10.0,2560.0,log2
-0.04151,8.0,14.0,1280.0,log2
-0.04151,8.0,20.0,2560.0,log2
-0.04151,10.0,14.0,2400.0,log2
-0.04186,8.0,10.0,3200.0,log2
-0.04186,10.0,20.0,800.0,log10
-0.04226,4.0,14.0,1280.0,log2
-0.04296,10.0,20.0,3200.0,log
-0.04302,10.0,18.0,4000.0,log
-0.04302,8.0,12.0,3200.0,log2
-0.04334,6.0,12.0,960.0,log
-0.04369,2.0,18.0,160.0,log
-0.04374,2.0,14.0,800.0,log
-0.04377,4.0,12.0,1280.0,log2
-0.04377,10.0,6.0,4000.0,log2
-0.04453,6.0,16.0,1440.0,log10
-0.04485,4.0,8.0,640.0,log
-0.04485,4.0,20.0,640.0,log2
-0.04523,2.0,16.0,480.0,log10
-0.04528,4.0,20.0,640.0,log
-0.04528,6.0,12.0,1920.0,log
-0.04528,6.0,20.0,1920.0,log
-0.04528,10.0,18.0,2400.0,log
-0.04528,6.0,6.0,1440.0,log2
-0.04528,10.0,10.0,3200.0,log2
-0.04601,1.0,14.0,80.0,log
-0.04601,10.0,6.0,1600.0,log2
-0.04604,2.0,6.0,640.0,log2
-0.04639,6.0,12.0,1920.0,log2
-0.04674,10.0,18.0,4000.0,log2
-0.04679,6.0,6.0,1920.0,log2
-0.04755,10.0,8.0,1600.0,log
-0.04755,4.0,10.0,960.0,log10
-0.0479,10.0,16.0,800.0,log10
-0.04827,8.0,20.0,3200.0,log
-0.04889,2.0,16.0,640.0,log
-0.049,1.0,10.0,400.0,log
-0.04906,6.0,16.0,1440.0,log
-0.04906,8.0,6.0,3200.0,log
-0.04906,8.0,8.0,1280.0,log2
-0.04916,1.0,16.0,240.0,log10
-0.04935,1.0,10.0,240.0,log2
-0.04941,6.0,16.0,960.0,log2
-0.04941,10.0,20.0,4000.0,log10
-0.04981,4.0,20.0,1600.0,log10
-0.04981,8.0,20.0,1920.0,log10
-0.04981,10.0,18.0,4000.0,log10
-0.05008,1.0,12.0,240.0,log2
-0.05049,1.0,14.0,160.0,log2
-0.05057,6.0,12.0,1920.0,log10
-0.05057,10.0,8.0,4000.0,log10
-0.05084,2.0,6.0,320.0,log2
-0.05132,10.0,10.0,4000.0,log2
-0.05132,10.0,14.0,3200.0,log10
-0.05167,4.0,20.0,960.0,log
-0.052,1.0,12.0,160.0,log2
-0.05205,6.0,18.0,1920.0,log10
-0.05208,10.0,12.0,4000.0,log
-0.0528,4.0,18.0,1600.0,log
-0.0528,10.0,12.0,2400.0,log
-0.05283,10.0,8.0,4000.0,log2
-0.05316,2.0,20.0,160.0,log2
-0.05318,6.0,8.0,1920.0,log10
-0.05389,2.0,6.0,320.0,log
-0.05509,8.0,18.0,1920.0,log2
-0.05651,4.0,12.0,320.0,log
-0.05658,10.0,18.0,3200.0,log10
-0.0566,8.0,14.0,1280.0,log10
-0.05729,1.0,6.0,160.0,log
-0.05733,10.0,6.0,1600.0,log10
-0.05736,6.0,16.0,1920.0,log
-0.05736,2.0,18.0,640.0,log2
-0.05736,6.0,16.0,2400.0,log2
-0.05736,10.0,16.0,1600.0,log2
-0.05736,6.0,8.0,1440.0,log10
-0.05736,6.0,10.0,1440.0,log10
-0.05809,6.0,6.0,1440.0,log10
-0.05811,2.0,18.0,800.0,log
-0.05847,2.0,14.0,800.0,log10
-0.05882,1.0,20.0,240.0,log
-0.05882,2.0,20.0,480.0,log2
-0.05884,2.0,12.0,320.0,log
-0.05884,8.0,20.0,640.0,log
-0.05922,10.0,14.0,2400.0,log10
-0.0595,8.0,16.0,640.0,log
-0.05998,8.0,6.0,1280.0,log2
-0.06038,8.0,8.0,1920.0,log2
-0.06038,8.0,8.0,1280.0,log10
-0.06062,1.0,14.0,160.0,log
-0.06071,2.0,6.0,320.0,log10
-0.06109,6.0,10.0,1920.0,log
-0.06113,8.0,14.0,3200.0,log2
-0.06126,1.0,8.0,80.0,log2
-0.06149,6.0,10.0,1440.0,log2
-0.06149,10.0,16.0,800.0,log2
-0.06184,1.0,20.0,160.0,log2
-0.06189,10.0,16.0,1600.0,log
-0.06189,6.0,8.0,1920.0,log2
-0.06189,10.0,14.0,1600.0,log2
-0.06224,8.0,16.0,640.0,log10
-0.06251,1.0,18.0,400.0,log
-0.06253,6.0,18.0,480.0,log2
-0.06262,6.0,16.0,2400.0,log10
-0.06264,10.0,16.0,4000.0,log
-0.06264,8.0,12.0,1280.0,log2
-0.06264,8.0,18.0,3200.0,log10
-0.06337,4.0,12.0,640.0,log10
-0.0634,4.0,6.0,1600.0,log
-0.06373,8.0,20.0,1920.0,log
-0.06375,1.0,16.0,400.0,log2
-0.06402,1.0,16.0,320.0,log2
-0.06491,6.0,12.0,2400.0,log
-0.06564,8.0,20.0,2560.0,log10
-0.06566,10.0,8.0,3200.0,log
-0.06566,6.0,10.0,1920.0,log2
-0.06566,8.0,8.0,2560.0,log2
-0.06602,2.0,6.0,640.0,log
-0.06639,6.0,18.0,2400.0,log10
-0.06642,6.0,12.0,2400.0,log2
-0.06642,6.0,14.0,1920.0,log2
-0.06658,1.0,8.0,160.0,log2
-0.06671,1.0,20.0,320.0,log10
-0.06793,8.0,8.0,3200.0,log
-0.06793,6.0,6.0,2400.0,log2
-0.06793,6.0,8.0,2400.0,log2
-0.06793,8.0,16.0,1920.0,log10
-0.06793,10.0,8.0,800.0,log10
-0.06824,1.0,18.0,160.0,log10
-0.06826,4.0,20.0,320.0,log10
-0.06854,1.0,10.0,160.0,log2
-0.06866,6.0,20.0,2400.0,log10
-0.06868,6.0,8.0,480.0,log
-0.06868,6.0,8.0,1440.0,log2
-0.06868,10.0,8.0,1600.0,log2
-0.06868,10.0,6.0,4000.0,log10
-0.06904,8.0,12.0,640.0,log2
-0.06904,10.0,20.0,1600.0,log2
-0.06943,8.0,14.0,2560.0,log2
-0.06943,2.0,12.0,800.0,log10
-0.06975,1.0,10.0,160.0,log
-0.07019,10.0,12.0,2400.0,log2
-0.07092,4.0,8.0,960.0,log10
-0.07094,8.0,18.0,3200.0,log
-0.07128,1.0,8.0,400.0,log2
-0.0713,10.0,10.0,2400.0,log
-0.07168,10.0,10.0,1600.0,log
-0.07245,8.0,12.0,1920.0,log
-0.07245,10.0,14.0,4000.0,log
-0.07245,4.0,12.0,960.0,log10
-0.07277,4.0,14.0,320.0,log2
-0.07321,10.0,6.0,4000.0,log
-0.07321,8.0,8.0,1920.0,log10
-0.07357,2.0,10.0,320.0,log
-0.07393,1.0,20.0,240.0,log2
-0.07394,1.0,20.0,400.0,log10
-0.07394,6.0,20.0,1440.0,log10
-0.07396,4.0,12.0,960.0,log
-0.07396,10.0,6.0,2400.0,log
-0.07396,4.0,14.0,320.0,log10
-0.07432,10.0,18.0,2400.0,log2
-0.0747,4.0,18.0,1600.0,log10
-0.07472,4.0,10.0,1280.0,log
-0.07472,4.0,18.0,960.0,log2
-0.07472,6.0,16.0,1920.0,log2
-0.07472,8.0,8.0,3200.0,log2
-0.07508,10.0,12.0,800.0,log10
-0.07542,1.0,20.0,320.0,log2
-0.07544,4.0,12.0,1280.0,log
-0.07544,4.0,12.0,1600.0,log
-0.07616,8.0,8.0,2560.0,log
-0.07623,10.0,14.0,3200.0,log
-0.07695,1.0,8.0,160.0,log
-0.07696,6.0,8.0,960.0,log10
-0.07698,10.0,6.0,2400.0,log2
-0.07772,4.0,10.0,1600.0,log2
-0.07774,6.0,6.0,2400.0,log
-0.07774,4.0,12.0,1600.0,log2
-0.07774,10.0,16.0,3200.0,log10
-0.07847,4.0,16.0,640.0,log
-0.07915,2.0,14.0,320.0,log
-0.07923,10.0,12.0,3200.0,log10
-0.07925,8.0,20.0,2560.0,log
-0.07925,10.0,10.0,4000.0,log
-0.07925,6.0,10.0,2400.0,log2
-0.07925,10.0,10.0,4000.0,log10
-0.07998,4.0,12.0,960.0,log2
-0.08184,2.0,20.0,480.0,log
-0.08226,6.0,12.0,1440.0,log10
-0.08226,8.0,12.0,1920.0,log10
-0.0826,1.0,12.0,240.0,log
-0.08299,6.0,20.0,960.0,log2
-0.08299,4.0,20.0,640.0,log10
-0.083,4.0,16.0,1280.0,log2
-0.083,10.0,10.0,2400.0,log2
-0.08302,4.0,18.0,1280.0,log
-0.08302,2.0,16.0,480.0,log2
-0.08377,2.0,10.0,320.0,log10
-0.08377,4.0,12.0,1280.0,log10
-0.08377,8.0,12.0,3200.0,log10
-0.08453,4.0,16.0,1600.0,log
-0.08453,4.0,8.0,1600.0,log2
-0.08521,1.0,16.0,240.0,log
-0.08526,1.0,12.0,400.0,log2
-0.08528,10.0,8.0,2400.0,log2
-0.08551,2.0,8.0,160.0,log2
-0.08602,10.0,6.0,2400.0,log10
-0.08604,10.0,16.0,1600.0,log10
-0.08674,8.0,10.0,640.0,log10
-0.08675,2.0,12.0,800.0,log
-0.08679,10.0,14.0,1600.0,log10
-0.08714,1.0,14.0,400.0,log
-0.08753,10.0,20.0,800.0,log
-0.08755,10.0,20.0,4000.0,log2
-0.08791,2.0,10.0,480.0,log
-0.08867,8.0,20.0,1280.0,log10
-0.08906,6.0,14.0,1440.0,log
-0.08942,4.0,16.0,1280.0,log
-0.08969,1.0,8.0,80.0,log10
-0.08981,6.0,18.0,1440.0,log2
-0.09054,6.0,18.0,1440.0,log
-0.09057,8.0,6.0,2560.0,log2
-0.09132,4.0,8.0,1600.0,log10
-0.09169,4.0,12.0,320.0,log10
-0.09205,1.0,16.0,240.0,log2
-0.09208,6.0,12.0,960.0,log2
-0.09244,8.0,18.0,1280.0,log10
-0.09281,2.0,16.0,160.0,log
-0.09282,2.0,20.0,640.0,log
-0.09282,4.0,8.0,1280.0,log2
-0.09283,10.0,8.0,4000.0,log
-0.09283,10.0,6.0,3200.0,log10
-0.09359,4.0,16.0,320.0,log2
-0.09394,2.0,14.0,320.0,log2
-0.09433,4.0,10.0,640.0,log10
-0.09434,8.0,6.0,1920.0,log2
-0.09466,2.0,20.0,480.0,log10
-0.09499,1.0,12.0,80.0,log2
-0.09506,1.0,18.0,320.0,log10
-0.0951,10.0,20.0,800.0,log2
-0.09542,6.0,6.0,480.0,log2
-0.09542,2.0,12.0,320.0,log10
-0.09543,4.0,14.0,320.0,log
-0.09546,6.0,18.0,960.0,log2
-0.09585,4.0,8.0,960.0,log
-0.09659,1.0,20.0,400.0,log
-0.0966,10.0,8.0,1600.0,log10
-0.09735,1.0,8.0,240.0,log2
-0.09736,4.0,10.0,1600.0,log
-0.09773,6.0,10.0,1440.0,log
-0.0981,8.0,12.0,1280.0,log
-0.09886,10.0,20.0,3200.0,log10
-0.09887,10.0,16.0,3200.0,log
-0.09961,2.0,8.0,800.0,log
-0.09962,8.0,12.0,640.0,log10
-0.09998,2.0,10.0,800.0,log
-0.10036,4.0,16.0,960.0,log
-0.10112,4.0,6.0,1280.0,log10
-0.10149,1.0,14.0,400.0,log2
-0.10189,6.0,10.0,2400.0,log10
-0.10264,10.0,16.0,2400.0,log2
-0.1034,10.0,12.0,1600.0,log
-0.10413,2.0,12.0,160.0,log
-0.10414,6.0,6.0,960.0,log10
-0.10415,10.0,10.0,800.0,log
-0.10415,4.0,6.0,960.0,log2
-0.10449,2.0,8.0,160.0,log10
-0.10452,2.0,6.0,640.0,log10
-0.10528,4.0,12.0,320.0,log2
-0.10528,8.0,16.0,640.0,log2
-0.10566,4.0,10.0,1600.0,log10
-0.106,1.0,20.0,240.0,log10
-0.10603,2.0,8.0,480.0,log10
-0.10642,6.0,10.0,1920.0,log10
-0.10642,8.0,16.0,3200.0,log10
-0.10905,6.0,14.0,480.0,log10
-0.10943,4.0,14.0,1600.0,log2
-0.10943,6.0,20.0,960.0,log10
-0.11019,4.0,10.0,640.0,log2
-0.11019,10.0,14.0,4000.0,log10
-0.11054,1.0,14.0,240.0,log10
-0.11094,2.0,12.0,640.0,log
-0.11094,6.0,10.0,960.0,log2
-0.11094,8.0,20.0,3200.0,log2
-0.11131,2.0,20.0,320.0,log2
-0.11132,8.0,14.0,640.0,log
-0.11169,1.0,16.0,160.0,log10
-0.11169,2.0,20.0,800.0,log10
-0.1117,10.0,12.0,3200.0,log
-0.1117,8.0,12.0,1280.0,log10
-0.11245,6.0,8.0,960.0,log
-0.11245,8.0,6.0,3200.0,log2
-0.11321,4.0,8.0,1600.0,log
-0.11321,2.0,14.0,640.0,log2
-0.11321,10.0,18.0,3200.0,log2
-0.11396,2.0,6.0,800.0,log
-0.11396,10.0,6.0,3200.0,log2
-0.11472,10.0,20.0,1600.0,log10
-0.11508,1.0,8.0,320.0,log
-0.11509,6.0,12.0,1440.0,log2
-0.11547,4.0,16.0,960.0,log2
-0.1166,2.0,8.0,800.0,log10
-0.11698,8.0,14.0,1920.0,log
-0.11698,6.0,14.0,960.0,log10
-0.11849,2.0,10.0,480.0,log2
-0.11849,10.0,20.0,3200.0,log2
-0.12,2.0,18.0,320.0,log10
-0.12,10.0,18.0,1600.0,log10
-0.12113,2.0,16.0,320.0,log2
-0.12151,8.0,14.0,640.0,log2
-0.12227,1.0,10.0,400.0,log10
-0.12227,10.0,18.0,2400.0,log10
-0.12378,6.0,14.0,960.0,log
-0.12566,2.0,16.0,640.0,log2
-0.12566,1.0,8.0,320.0,log10
-0.12604,1.0,18.0,160.0,log2
-0.12642,4.0,14.0,960.0,log10
-0.1268,6.0,18.0,2400.0,log
-0.1268,2.0,18.0,640.0,log10
-0.12755,2.0,18.0,320.0,log
-0.12755,6.0,16.0,960.0,log
-0.12873,1.0,6.0,80.0,log
-0.12906,2.0,8.0,640.0,log2
-0.12944,10.0,18.0,800.0,log10
-0.13057,6.0,10.0,960.0,log
-0.131,1.0,18.0,80.0,log10
-0.13246,6.0,16.0,2400.0,log
-0.13283,4.0,10.0,1280.0,log2
-0.13399,1.0,8.0,240.0,log
-0.13513,1.0,6.0,320.0,log
-0.13585,6.0,18.0,1920.0,log
-0.13586,8.0,10.0,3200.0,log10
-0.13588,6.0,8.0,480.0,log2
-0.13626,1.0,20.0,320.0,log
-0.13737,2.0,20.0,640.0,log10
-0.13774,2.0,6.0,480.0,log
-0.13887,8.0,6.0,3200.0,log10
-0.13889,4.0,6.0,320.0,log2
-0.13925,4.0,18.0,960.0,log10
-0.13927,1.0,18.0,400.0,log10
-0.1393,1.0,10.0,80.0,log2
-0.14038,6.0,6.0,480.0,log10
-0.14113,10.0,18.0,800.0,log
-0.14114,6.0,20.0,480.0,log10
-0.14116,2.0,6.0,480.0,log2
-0.14189,4.0,20.0,1600.0,log2
-0.1419,2.0,20.0,800.0,log2
-0.14264,8.0,18.0,1920.0,log10
-0.14416,8.0,12.0,2560.0,log
-0.14454,4.0,8.0,320.0,log
-0.14455,1.0,12.0,320.0,log
-0.14567,6.0,20.0,480.0,log
-0.14643,8.0,18.0,640.0,log
-0.14794,8.0,14.0,1920.0,log2
-0.14868,4.0,20.0,1280.0,log
-0.1502,4.0,18.0,320.0,log
-0.15024,1.0,16.0,160.0,log2
-0.15096,10.0,14.0,800.0,log2
-0.1517,4.0,8.0,1280.0,log10
-0.15172,2.0,14.0,160.0,log
-0.15398,4.0,18.0,320.0,log2
-0.15511,2.0,10.0,800.0,log2
-0.15512,2.0,10.0,640.0,log
-0.15547,8.0,6.0,2560.0,log10
-0.15623,8.0,10.0,640.0,log2
-0.16,2.0,14.0,480.0,log2
-0.16076,4.0,6.0,640.0,log2
-0.16227,2.0,12.0,640.0,log2
-0.16308,1.0,6.0,160.0,log2
-0.16346,1.0,6.0,400.0,log10
-0.16377,4.0,16.0,960.0,log10
-0.16455,6.0,18.0,480.0,log
-0.16492,4.0,12.0,640.0,log2
-0.16606,2.0,12.0,480.0,log10
-0.16643,4.0,6.0,1600.0,log10
-0.17249,6.0,12.0,480.0,log
-0.17285,6.0,18.0,480.0,log10
-0.17293,2.0,18.0,160.0,log2
-0.17295,2.0,10.0,160.0,log2
-0.17663,6.0,14.0,1440.0,log10
-0.1774,4.0,20.0,320.0,log2
-0.17814,8.0,6.0,1280.0,log10
-0.17891,2.0,10.0,320.0,log2
-0.1794,1.0,20.0,80.0,log10
-0.1846,1.0,18.0,240.0,log2
-0.18687,2.0,20.0,160.0,log
-0.18946,2.0,8.0,480.0,log2
-0.19062,1.0,8.0,240.0,log10
-0.19375,1.0,12.0,160.0,log
-0.19669,6.0,12.0,480.0,log2
-0.19777,4.0,8.0,640.0,log2
-0.20003,2.0,8.0,320.0,log10
-0.20122,2.0,14.0,160.0,log2
-0.21211,10.0,14.0,800.0,log
-0.21211,2.0,12.0,160.0,log2
-0.21214,4.0,14.0,640.0,log
-0.21221,4.0,6.0,320.0,log
-0.21462,4.0,10.0,320.0,log2
-0.21462,1.0,12.0,80.0,log10
-0.21479,2.0,6.0,160.0,log2
-0.22079,6.0,20.0,480.0,log2
-0.222,1.0,8.0,400.0,log
-0.22457,6.0,16.0,960.0,log10
-0.22876,2.0,10.0,480.0,log10
-0.22944,1.0,18.0,400.0,log2
-0.23006,1.0,8.0,160.0,log10
-0.23233,1.0,18.0,160.0,log
-0.233,4.0,16.0,320.0,log10
-0.23506,2.0,12.0,160.0,log10
-0.23636,2.0,8.0,320.0,log
-0.25199,1.0,16.0,160.0,log
-0.26095,1.0,10.0,80.0,log
-0.26447,1.0,18.0,320.0,log2
-0.26744,1.0,12.0,320.0,log2
-0.28792,1.0,20.0,80.0,log2
-0.29391,1.0,8.0,320.0,log2
-0.30333,1.0,20.0,160.0,log10
-0.31811,2.0,12.0,480.0,log2
-0.32348,1.0,16.0,80.0,log
-0.42594,1.0,20.0,80.0,log
